Source File	Size	loadResources	load	generateSnapshots	load-configure	scan	loadDepInfo	loadInfo	checkR4R4B	generateNarratives	validate	loadLists	checkConformanceResources	checkConformanceResources2	checkConformanceResources3	generateLogicalMaps	validateExpressions	scanForUsageStats	checkURLsUnique	processProvenanceDetails	translate	generate1	generate2	generateLogicals	makeDependencies	generateExampleZip	generateValidationPack	scanProfilesForR5	scanExamplesForR5
/fsh-generated/resources/ImplementationGuide-ans.fr.document-core.json	6478	-	0	0	0	0	0	0	19	88	0	0	0	0	1	0	0	0	0	0	9	150	255	0	0	0	3	0	1
fsh-generated/resources/CodeSystem-competence-code-system.json	6322	8	0	0	1	0	0	0	2	36	0	0	1	0	1	0	0	0	0	0	5	80	349	0	0	0	2	0	0
fsh-generated/resources/CodeSystem-type-carte-code-system.json	1010	2	0	0	0	0	0	0	1	7	0	0	0	0	0	0	0	0	0	0	1	20	111	0	0	0	0	0	0
fsh-generated/resources/Patient-frpatient-exemple.json	455	3	0	0	0	0	0	0	0	312	0	0	0	0	0	0	0	0	0	0	2	11	21	0	0	0	0	0	0
fsh-generated/resources/StructureDefinition-EyeColor.json	1317	3	0	14	0	0	0	0	0	66	0	0	1	0	1	0	0	1	0	0	1	87	647	0	0	0	3	0	0
fsh-generated/resources/StructureDefinition-fr-patient.json	2356	4	0	75	1	0	0	0	0	47	0	0	1	0	0	0	0	2	0	0	1	331	831	0	0	0	13	0	1
fsh-generated/resources/ValueSet-EyeColorVS.json	671	3	0	0	0	0	0	0	1	5456	0	0	0	0	0	0	0	0	0	0	2	15	6969	0	0	0	1	0	0
fsh-generated/resources/ValueSet-MeltingPotVS.json	887	4	0	0	0	0	0	0	0	193	0	0	0	0	1	0	0	0	0	0	2	20	275	0	0	0	1	0	0
fsh-generated/resources/ValueSet-ModifiedAdministrativeGender.json	648	2	0	0	0	0	0	0	0	6	0	0	0	0	0	0	0	0	0	0	3	16	81	0	0	0	0	0	0
fsh-generated/resources/ValueSet-TypeCarteVS.json	421	3	0	0	0	0	0	0	0	4	0	0	0	0	0	0	0	0	0	0	2	12	73	0	0	0	0	0	0
/fsh-generated/includes/menu.xml	2789	-	-	-	0	0	0	0	0	0	0	0	0	0	0	0	0	0	0	0	0	0	1	0	0	0	0	0	0
/fsh-generated/includes/fsh-link-references.md	453	-	-	-	0	0	0	0	0	0	0	0	0	0	0	0	0	0	0	0	0	0	1	0	0	0	0	0	0
/input/data/features.yml	164	-	-	-	0	0	0	0	0	0	0	0	0	0	0	0	0	0	0	0	0	0	0	0	0	0	0	0	0
/input/pagecontent/autres_ressources.md	155	-	-	-	0	0	0	0	0	0	0	0	0	0	0	0	0	0	0	0	0	0	0	0	0	0	0	0	0
/input/pagecontent/spec-technique-flux-alimentation.md	99	-	-	-	0	0	0	0	0	0	0	0	0	0	0	0	0	0	0	0	0	0	1	0	0	0	0	0	0
/input/pagecontent/spec-technique-vue-ensemble.md	96	-	-	-	0	0	0	0	0	0	0	0	0	0	0	0	0	0	0	0	0	0	0	0	0	0	0	0	0
/input/pagecontent/spec-technique-flux-consommation.md	101	-	-	-	0	0	0	0	0	0	0	0	0	0	0	0	0	0	0	0	0	0	1	0	0	0	0	0	0
/input/pagecontent/annexe-securite.md	900	-	-	-	0	0	0	0	0	0	0	0	0	0	0	0	0	0	0	0	0	0	0	0	0	0	0	0	0
/input/pagecontent/spec-fonctionnelle-alimentation.md	61	-	-	-	0	0	0	0	0	0	0	0	0	0	0	0	0	0	0	0	0	0	0	0	0	0	0	0	0
/input/pagecontent/change-log.md	330	-	-	-	0	0	0	0	0	0	0	0	0	0	0	0	0	0	0	0	0	0	1	0	0	0	0	0	0
/input/pagecontent/annexe-downloads.md	1751	-	-	-	0	0	0	0	0	0	0	0	0	0	0	0	0	0	0	0	0	0	0	0	0	0	0	0	0
/input/pagecontent/translationinfo.md	59	-	-	-	0	0	0	0	0	0	0	0	0	0	0	0	0	0	0	0	0	0	1	0	0	0	0	0	0
/input/pagecontent/spec-fonctionnelle-intro.md	82	-	-	-	0	0	0	0	0	0	0	0	0	0	0	0	0	0	0	0	0	0	0	0	0	0	0	0	0
/input/pagecontent/index.md	3138	-	-	-	0	0	0	0	0	0	0	0	0	0	0	0	0	0	0	0	0	0	1	0	0	0	0	0	0
/input/pagecontent/spec-technique-intro.md	111	-	-	-	0	0	0	0	0	0	0	0	0	0	0	0	0	0	0	0	0	0	0	0	0	0	0	0	0
/template/config	0	-	-	-	0	0	0	0	0	0	0	0	0	0	0	0	0	0	0	0	0	0	0	0	0	0	0	0	0
/template/config/_config.yml	140	-	-	-	0	0	0	0	0	0	0	0	0	0	0	0	0	0	0	0	0	0	0	0	0	0	0	0	0
/input/images	0	-	-	-	0	0	0	0	0	0	0	0	0	0	0	0	0	0	0	0	0	0	0	0	0	0	0	0	0
/input/images/ci-sis-logo.png	61365	-	-	-	0	0	0	0	0	0	0	0	0	0	0	0	0	0	0	0	0	0	1	0	0	0	0	0	0
/input/images/anImage.png	36288	-	-	-	0	0	0	0	0	0	0	0	0	0	0	0	0	0	0	0	0	0	0	0	0	0	0	0	0
/temp/pages/_includes/artifacts.xml	7166	-	-	-	-	-	-	-	-	-	-	-	-	-	-	-	-	-	-	-	-	-	2	0	0	0	0	0	0
